<?xml version="1.0" encoding="UTF-8"?>
<!DOCTYPE suite SYSTEM "https://testng.org/testng-1.0.dtd">
<suite name="Suite">
  <test thread-count="5" name="Test">
    <classes>
      <class name="com.instabus.UserTest"/>
      <class name="com.instabus.RegistrationAndLoginTestWithAutomation"/>
      <class name="com.instabus.UserAdminTest"/>
      <class name="com.instabus.AddBusDetailsTest"/>
      <class name="com.instabus.BusManagementApplicationTests"/>
    </classes>
  </test> <!-- Test -->
</suite> <!-- Suite -->
